rp_id,x,y,floor
0,5.4118,125.8824,1
1,5.4118,121.6824,1
2,5.4118,117.4824,1
3,5.4118,111.2941,1
4,10.2055,111.5399,1
5,14.5882,111.7647,1
6,23.5294,111.5294,1
7,28.0161,110.6636,1
8,32.1819,109.8596,1
9,41.3872,109.9962,1
10,46.0575,111.1044,1
11,50.8235,112.2353,1
12,59.7647,112.0,1
13,64.757,109.6173,1
14,70.1176,107.0588,1
15,79.6566,108.6487,1
16,84.2353,109.4118,1
17,88.7966,110.9066,1
18,97.9192,113.8964,1
19,102.5159,115.4029,1
20,107.0772,116.8978,1
21,117.4118,120.7059,1
22,121.3156,123.5976,1
23,123.7647,125.4118,1
24,127.8244,135.2186,1
25,128.4706,140.0,1
26,3.7647,75.2941,1
27,13.3647,73.4941,1
28,18.4863,73.7159,1
29,23.8813,73.9495,1
30,31.3337,77.1544,1
31,34.9027,80.1912,1
32,41.1765,85.5294,1
33,50.9087,88.024,1
34,56.2177,89.0111,1
35,61.5267,89.9982,1
36,72.7346,92.082,1
37,78.6335,93.1788,1
38,84.5325,94.2755,1
39,96.1899,93.7655,1
40,100.9437,91.9184,1
41,105.1619,90.2793,1
42,108.6824,90.7765,1
43,113.4824,90.7765,1
44,118.4706,90.7765,1
45,126.4706,98.0,1
46,131.7647,89.1765,1
47,0.0,125.8824,1
48,0.0,117.4824,1
49,0.0,113.2824,1
50,0.0,109.0824,1
51,0.0,100.6824,1
52,0.0,96.4824,1
53,0.0,92.2824,1
54,0.0,83.2224,1
55,0.0,78.5224,1
56,0.0,73.7524,1
57,0.0,65.3524,1
58,0.0,62.3524,1
59,0.0,59.3524,1
60,0.0,53.1765,1
61,3.7647,71.6941,1
62,3.7647,68.6941,1
63,3.7647,62.6941,1
64,3.7647,59.6941,1
65,3.7647,53.1765,1
66,9.0794,108.2353,1
67,14.4794,108.2353,1
68,19.8794,108.2353,1
69,30.6794,108.2353,1
70,35.5294,108.2353,1
71,35.5294,102.2353,1
72,3.5294,102.2353,1
73,3.5294,96.2353,1
74,9.0794,96.2353,1
75,18.6794,96.2353,1
76,23.4794,96.2353,1
77,28.2794,96.2353,1
78,42.1176,107.2941,1
79,47.9725,107.8607,1
80,52.7873,108.3267,1
81,61.8824,106.3529,1
82,64.0,102.3529,1
83,61.4118,97.4118,1
84,42.1176,97.4118,1
85,44.4706,94.1176,1
86,49.3625,94.8588,1
87,96.9412,100.0,1
88,101.4758,101.6843,1
89,105.9755,103.3556,1
90,116.1794,107.1456,1
91,121.6471,109.1765,1
92,104.4706,93.1765,1
93,115.4372,93.1765,1
94,113.6471,93.1765,1
95,119.3141,98.7086,1
96,5.6471,91.7647,1
97,11.1971,91.7647,1
98,17.1971,91.7647,1
99,29.1971,91.7647,1
100,35.0588,91.7647,1
101,5.6471,76.7059,1
102,15.5535,74.2699,1
103,20.0,73.1765,1
104,25.4118,73.8824,1
105,35.0588,81.8824,1
106,42.8235,90.5882,1
107,47.9861,92.1718,1
108,57.164,94.9872,1
109,61.753,96.3948,1
110,65.7683,97.6265,1
111,74.9462,100.4418,1
112,79.5352,101.8495,1
113,84.1241,103.2571,1
114,93.302,106.0724,1
115,97.891,107.4801,1
116,103.6272,109.2397,1
117,113.3787,112.2309,1
118,119.5294,114.1176,1
119,136.4706,134.8235,1
120,136.4706,125.1765,1
121,141.8824,126.3529,1
122,146.5068,128.2541,1
123,155.7557,132.0564,1
124,163.0588,135.0588,1
125,168.047,135.4028,1
126,178.0233,136.0909,1
127,183.0114,136.4349,1
128,183.5294,136.4706,1
129,188.5397,133.355,1
130,192.6158,130.8202,1
131,196.692,128.2855,1
132,204.8443,123.216,1
133,208.9205,120.6812,1
134,211.5294,119.0588,1
135,219.1313,117.2241,1
136,223.2038,114.6834,1
137,227.2763,112.1428,1
138,235.4213,107.0615,1
139,240.7059,103.7647,1
140,145.6471,120.2353,1
141,154.1376,125.5183,1
142,156.2353,126.8235,1
143,160.967,128.4392,1
144,150.8657,101.9229,1
145,154.2019,98.1987,1
146,157.5381,94.4745,1
147,180.9412,130.1176,1
148,187.7647,125.6471,1
149,188.6792,120.7314,1
150,170.8625,130.5623,1
151,175.8427,131.007,1
152,179.0588,131.2941,1
153,215.3678,112.5201,1
154,219.4415,109.9815,1
155,223.5152,107.4428,1
156,231.6626,102.3654,1
157,235.7363,99.8267,1
158,239.8101,97.288,1
159,244.4706,92.4706,1
160,143.7647,114.1176,1
161,145.7954,109.5486,1
162,192.3059,111.295,1
163,194.9647,107.0605,1
164,196.0,105.4118,1
165,164.9135,87.4828,1
166,168.5468,84.0478,1
167,170.5882,82.1176,1
168,178.1176,76.4706,1
169,182.5882,72.9412,1
170,186.9945,71.0372,1
171,206.2112,63.2199,1
172,210.7754,61.7339,1
173,215.3396,60.2478,1
174,216.5149,60.7222,1
175,221.2651,60.0327,1
176,226.3529,59.2941,1
177,234.2965,65.3686,1
178,238.2683,68.4059,1
179,238.3529,68.4706,1
180,139.0952,79.2847,1
181,143.1315,76.687,1
182,147.1679,74.0894,1
183,158.8235,66.5882,1
184,163.7929,66.0361,1
185,167.2941,65.6471,1
186,175.6555,60.9304,1
187,179.8362,58.572,1
188,184.0169,56.2137,1
189,190.1581,53.6538,1
190,194.6691,52.0134,1
191,199.1801,50.373,1
192,205.7962,48.3441,1
193,210.416,47.041,1
194,215.0357,45.738,1
195,221.7655,39.9985,1
196,224.0015,35.5263,1
197,225.1765,33.1765,1
198,170.0124,75.2011,1
199,174.1425,72.7552,1
200,178.2725,70.3092,1
201,186.5326,65.4173,1
202,190.1176,63.2941,1
203,194.607,61.5954,1
204,203.5858,58.1981,1
205,207.5294,56.7059,1
206,212.1861,55.5417,1
207,222.5882,52.9412,1
208,180.7099,80.5104,1
209,185.8943,88.5901,1
210,188.4866,92.63,1
211,191.0788,96.6698,1
212,196.2353,104.7059,1
213,185.2132,76.9599,1
214,190.463,84.9972,1
215,193.0879,89.0159,1
216,195.7128,93.0346,1
217,200.9627,101.0719,1
218,203.5876,105.0906,1
219,206.2125,109.1093,1
220,248.7059,107.7647,1
221,249.8302,102.8927,1
222,250.9545,98.0208,1
223,252.2353,92.4706,1
224,256.3594,89.6436,1
225,260.4835,86.8166,1
226,268.7316,81.1626,1
227,272.8557,78.3356,1
228,276.9798,75.5086,1
229,288.0,74.1176,1
230,293.4118,70.5882,1
231,294.1176,65.6471,1
232,290.5882,59.0588,1
233,285.5891,58.9662,1
234,280.5899,58.8737,1
235,270.5917,58.6885,1
236,265.1765,58.5882,1
237,262.1176,53.6471,1
238,245.1765,93.4118,1
239,244.8912,88.4199,1
240,244.606,83.4281,1
241,244.0355,73.4443,1
242,243.7647,68.7059,1
243,252.2353,88.2353,1
244,252.1322,78.2358,1
245,252.0807,73.2361,1
246,252.0,65.4118,1
247,258.5882,60.7059,1
248,265.8824,59.7647,1
249,263.2941,82.8235,1
250,271.5616,77.7503,1
251,273.6471,76.4706,1
252,272.9412,74.5882,1
253,267.3641,66.4086,1
254,265.8824,64.2353,1
255,253.8824,49.6471,1
256,248.4706,41.1765,1
257,252.0,37.8824,1
258,256.1812,35.1406,1
259,264.5437,29.657,1
260,266.3529,28.4706,1
261,269.0449,32.6841,1
262,266.1176,42.1176,1
263,263.0588,43.7647,1
264,212.7059,11.7647,1
265,218.1657,20.1427,1
266,220.8956,24.3317,1
267,223.6255,28.5207,1
268,216.2353,8.4706,1
269,218.9715,12.6554,1
270,221.7078,16.8403,1
271,227.1803,25.21,1
272,229.9165,29.3948,1
273,232.6528,33.5797,1
274,236.2353,39.0588,1
275,241.4118,27.2941,1
276,238.6804,23.1061,1
277,234.3529,16.4706,1
278,238.5253,13.7153,1
279,242.6976,10.96,1
280,251.0422,5.4494,1
281,255.2146,2.694,1
282,259.2941,0.0,1
283,266.9812,7.0021,1
284,269.7271,11.1806,1
285,272.473,15.3591,1
286,271.5154,21.549,1
287,269.8824,22.5882,1
288,272.6282,26.7668,1
289,279.4831,28.0936,1
290,283.6721,25.3637,1
291,287.8611,22.6338,1
292,296.2353,17.1765,1
293,300.4706,18.1176,1
294,296.2601,20.8143,1
295,287.8391,26.2075,1
296,283.6286,28.9041,1
297,279.5294,31.5294,1
